url,fetch_succeeded,url_length,num_dots,num_hyphens,has_at_symbol,uses_https,has_ip_as_domain,on_free_hosting,has_suspicious_keyword,subdomain_length,subdomain_entropy,matched_brand,brand_edit_distance,impersonates_brand,num_forms,has_password_field,form_posts_externally,domain_age_days,domain_age_known,risk_score,risk_reasons,label
http://bet83043.com/,True,20,1,0,False,False,False,False,False,8,2.75,netflix,6,False,0,False,False,1160,1,1,'+1 no HTTPS,1
https://somsper.lat/,False,20,1,0,False,True,False,False,False,7,2.52,google,5,False,0,False,False,,0,1,'+1 page unreachable (unverifiable),1
https://onlineacceso.cuidamostubolsillo.com/,False,44,2,0,False,True,False,False,False,12,2.92,mozilla,13,False,0,False,False,12,1,4,'+1 page unreachable (unverifiable); +3 domain under 30 days old,1
https://vogatchitrips.com/1111/fidlast/wpsign/digitalloginfull-page/l_ogin.php,False,78,2,1,False,True,False,False,True,13,3.39,twitter,10,False,0,False,False,1584,1,5,'+1 page unreachable (unverifiable); +2 suspicious keyword in URL; +2 gibberish subdomain,1
https://vmi3567924.contaboserver.net/fix/sen/rena/details.php,False,61,3,0,False,True,False,False,False,10,3.32,coinbase,8,False,0,False,False,3481,1,3,'+1 page unreachable (unverifiable); +2 gibberish subdomain,1
https://s4w.in/roblox-com-users-8614733229-profile,False,50,1,4,False,True,False,False,False,3,1.58,dhl,3,False,0,False,False,6879,1,1,'+1 page unreachable (unverifiable),1
https://redeembux.staticdomains.app/,False,36,2,0,False,True,False,True,False,9,2.64,fedex,5,False,0,False,False,115,1,3,'+1 page unreachable (unverifiable); +2 free hosting,1
https://blookfi.godaddysites.com/,True,33,2,0,False,True,False,True,False,7,2.52,google,5,False,0,False,False,4683,1,2,'+2 free hosting,1
https://spring-dawn-5c45.jjjbiaoda.workers.dev/facebook.com-1027275509,False,70,4,3,False,True,False,True,False,26,3.95,binance,21,False,0,False,False,2775,1,5,'+1 page unreachable (unverifiable); +2 free hosting; +2 gibberish subdomain,1
https://montanarenaissance.co.za/wp1/dxtest/pdfurl.html,True,55,3,0,False,True,False,False,False,18,3.06,bankofamerica,13,False,1,True,False,724,1,2,'+2 gibberish subdomain,1
https://myid-telstra.flutterflow.app/,False,37,2,1,False,True,False,True,False,12,3.42,twitter,8,False,0,False,False,,0,5,'+1 page unreachable (unverifiable); +2 free hosting; +2 gibberish subdomain,1
https://zunmela-mpt-farqori-r1x7ke85.pages.dev/send_appeal_request,False,66,2,3,False,True,False,True,False,28,4.25,netflix,22,False,0,False,False,,0,5,'+1 page unreachable (unverifiable); +2 free hosting; +2 gibberish subdomain,1
https://www.blookfi.godaddysites.com/,False,37,3,0,False,True,False,True,False,7,2.52,google,5,False,0,False,False,4683,1,3,'+1 page unreachable (unverifiable); +2 free hosting,1
http://www.macc-mettasign1x.godaddysites.com/,True,45,3,1,False,False,False,True,False,16,3.5,atlassian,11,False,1,False,False,4683,1,5,'+1 no HTTPS; +2 free hosting; +2 gibberish subdomain,1
https://g5.lu/apaxm,False,19,1,0,False,True,False,False,False,2,1.0,dhl,3,False,0,False,False,,0,1,'+1 page unreachable (unverifiable),1
https://messagerie02-livebox-ind.abrdns.com/id/soilandpile.com/wp-admin/js/js/char/num/index.html,True,97,4,3,False,True,False,False,False,24,3.89,airbnb,3,False,0,False,False,4346,1,2,'+2 gibberish subdomain,1
http://www.securebankofamerica.vercel.app/,True,42,3,0,False,False,False,True,True,19,3.54,bankofamerica,0,True,0,False,False,,0,11,'+1 no HTTPS; +2 suspicious keyword in URL; +4 brand name 'bankofamerica' found in the subdomain (free hosting); +2 free hosting; +2 gibberish subdomain,1
https://wordpress-203685-icloudjp.cloudclusters.net/wp-content/accptw/redi/nord.php,False,83,3,3,False,True,False,True,False,25,4.16,wordpress,0,True,0,False,False,2846,1,9,'+1 page unreachable (unverifiable); +4 brand name 'wordpress' found in the subdomain (free hosting); +2 free hosting; +2 gibberish subdomain,1
https://nhhkl.blogspot.com/,False,27,2,0,False,True,False,True,False,5,1.92,dhl,3,False,0,False,False,9542,1,3,'+1 page unreachable (unverifiable); +2 free hosting,1
http://www.erwi.vercel.app/,True,27,3,0,False,False,False,True,False,4,2.0,ebay,3,False,0,False,False,,0,3,'+1 no HTTPS; +2 free hosting,1
http://www.ka-importexportmicroframework.vercel.app/,True,52,3,1,False,False,False,True,False,29,3.6,microsoft,23,False,0,False,False,,0,5,'+1 no HTTPS; +2 free hosting; +2 gibberish subdomain,1
http://www.flatmountain.co.za/SpryAssets/upongoal/alldoo.html,True,61,4,0,False,False,False,False,False,3,-0.0,atlassian,8,False,0,False,False,5891,1,1,'+1 no HTTPS,1
https://office-365-msn--oficeer.replit.app/,True,43,2,4,False,True,False,True,False,23,3.5,microsoft,18,False,1,False,True,,0,5,'+1 form posts to another host; +2 free hosting; +2 gibberish subdomain,1
http://securebankofamerica.vercel.app/,True,38,2,0,False,False,False,True,True,19,3.54,bankofamerica,0,True,0,False,False,,0,11,'+1 no HTTPS; +2 suspicious keyword in URL; +4 brand name 'bankofamerica' found in the subdomain (free hosting); +2 free hosting; +2 gibberish subdomain,1
http://www.nhhkl.blogspot.com/,True,30,3,0,False,False,False,True,False,5,1.92,dhl,3,False,0,False,False,9541,1,3,'+1 no HTTPS; +2 free hosting,1
https://portal-kuoin-info.typedream.app/,False,40,2,2,False,True,False,True,False,17,3.45,spotify,13,False,0,False,False,,0,5,'+1 page unreachable (unverifiable); +2 free hosting; +2 gibberish subdomain,1
http://ka-importexportmicroframework.vercel.app/,True,48,2,1,False,False,False,True,False,29,3.6,microsoft,23,False,0,False,False,,0,5,'+1 no HTTPS; +2 free hosting; +2 gibberish subdomain,1
http://erwi.vercel.app/,True,23,2,0,False,False,False,True,False,4,2.0,ebay,3,False,0,False,False,,0,3,'+1 no HTTPS; +2 free hosting,1
https://security-server-landing-page--hahwjjjaugwa.replit.app/,True,62,2,5,False,True,False,True,False,42,4.02,stackoverflow,35,False,0,False,False,,0,4,'+2 free hosting; +2 gibberish subdomain,1
http://track.chanret.com/trackclick.asp?ThreadKey=te2mcqj11&Email=bWFyay5zY2hhZmVyQGRhdW1jb21tZXJjaWFsLmNvbQ==&url=aHR0cHM6Ly90cmFja2luZy5ldS5ueWxhcy5jb20vbC81NmM4NjE1ZjViMTE0NWFmYjBhOTBhNTM3ZDA0YzNmMy8wL2YwZjUxYzIzNDM0ZDIxZmVkOTk0MWQ1YTUxMTA4NDIzYmFkNjM2ZDY0OTVhZTQ4MzZmNjAyMGQxOTYzYzNjODY/Y2FjaGVfYnVzdGVyPTE3NjMzMjcyNDM=,True,323,3,0,False,False,False,False,False,5,2.32,chase,3,False,0,False,False,6325,1,1,'+1 no HTTPS,1
https://sbwww.pgn-s.com/CommonNetwork/scs-v1-0db0e1881d794b869674facc8ec76b291dcee43185d94e6aaef937c021f3da1c1b890232662c4023965070a1f6d0f1d3/,False,142,2,3,False,True,False,False,False,5,1.37,ups,4,False,0,False,False,449,1,1,'+1 page unreachable (unverifiable),1
https://wajihashafiq24.github.io/myfirstclone/,False,46,2,0,False,True,False,True,False,14,3.18,atlassian,10,False,0,False,False,4938,1,5,'+1 page unreachable (unverifiable); +2 free hosting; +2 gibberish subdomain,1
https://ondemandelectriccorp.s3.us-east-2.amazonaws.com/ondemandelectriccorp.html,True,81,5,2,False,True,False,False,False,20,3.45,amazon,3,False,0,False,False,7698,1,2,'+2 gibberish subdomain,1
https://www.metimaskloiigne.godaddysites.com/,False,45,3,0,False,True,False,True,False,15,3.32,digitalocean,10,False,0,False,False,4683,1,5,'+1 page unreachable (unverifiable); +2 free hosting; +2 gibberish subdomain,1
https://www.metamask.godaddysites.com/,False,38,3,0,False,True,False,True,False,8,2.5,meta,0,True,0,False,False,4683,1,7,'+1 page unreachable (unverifiable); +4 brand name 'meta' found in the subdomain (free hosting); +2 free hosting,1
http://roblox.com.mu/communities/9516746246/Music,True,49,2,0,False,False,False,False,False,6,2.25,roblox,0,True,0,False,False,100,1,5,'+1 no HTTPS; +4 exact brand name 'roblox' on wrong TLD,1
https://www.upselawindow.cfd/,False,29,2,0,False,True,False,False,False,3,-0.0,phantom,8,False,0,False,False,56,1,1,'+1 page unreachable (unverifiable),1
https://www.stafflistings254654.info/,False,37,2,0,False,True,False,False,False,3,-0.0,salesforce,15,False,0,False,False,,0,1,'+1 page unreachable (unverifiable),1
https://u.to/roblox-com-users-235243941-profile-ynsuig/1j2wIg,False,61,1,5,False,True,False,False,False,1,-0.0,ups,2,True,0,False,False,1762,1,4,'+1 page unreachable (unverifiable); +3 looks like a typo of 'ups',1
https://www.sotxlightnelroi.org/,False,32,2,0,False,True,False,False,False,3,-0.0,twitter,10,False,0,False,False,7,1,4,'+1 page unreachable (unverifiable); +3 domain under 30 days old,1
https://www.openexpressdion.cfd/,False,32,2,0,False,True,False,False,False,3,-0.0,linkedin,10,False,0,False,False,22,1,4,'+1 page unreachable (unverifiable); +3 domain under 30 days old,1
https://www.medialek.cyou/,False,26,2,0,False,True,False,False,False,3,-0.0,fedex,5,False,0,False,False,18,1,4,'+1 page unreachable (unverifiable); +3 domain under 30 days old,1
https://www.hitt-teams-meet.com/,False,32,2,2,False,True,False,False,False,3,-0.0,pinterest,10,False,0,False,False,88,1,1,'+1 page unreachable (unverifiable),1
https://www.xelautometic.com/,False,29,2,0,False,True,False,False,False,3,-0.0,phantom,8,False,0,False,False,96,1,1,'+1 page unreachable (unverifiable),1
https://www.bre-rednitzhembach.sbs/,False,35,2,1,False,True,False,False,False,3,-0.0,reddit,13,False,0,False,False,27,1,4,'+1 page unreachable (unverifiable); +3 domain under 30 days old,1
https://www.boucheriee.com/,False,27,2,0,False,True,False,False,False,3,-0.0,chase,7,False,0,False,False,174,1,1,'+1 page unreachable (unverifiable),1
https://www.jbulawnet.cfd/,False,26,2,0,False,True,False,False,False,3,-0.0,binance,6,False,0,False,False,130,1,1,'+1 page unreachable (unverifiable),1
https://www.anticrueltv.biz/,False,28,2,0,False,True,False,False,False,3,-0.0,target,7,False,0,False,False,18,1,4,'+1 page unreachable (unverifiable); +3 domain under 30 days old,1
https://www.net-bit.org/,False,24,2,1,False,True,False,False,False,3,-0.0,netflix,3,False,0,False,False,302,1,1,'+1 page unreachable (unverifiable),1
https://www.means-3657fmefilesdown.com/,False,39,2,1,False,True,False,False,False,3,-0.0,bankofamerica,17,False,0,False,False,144,1,1,'+1 page unreachable (unverifiable),1
https://www.dirctoryaccessfile.com/,False,35,2,0,False,True,False,False,False,3,-0.0,oracle,12,False,0,False,False,7,1,4,'+1 page unreachable (unverifiable); +3 domain under 30 days old,1
https://www.eguiagroup.cfd/,False,27,2,0,False,True,False,False,False,3,-0.0,instagram,7,False,0,False,False,109,1,1,'+1 page unreachable (unverifiable),1
https://www.textfabs.com/,False,25,2,0,False,True,False,False,False,3,-0.0,netflix,5,False,0,False,False,124,1,1,'+1 page unreachable (unverifiable),1
https://www.carlislefi.com/,False,27,2,0,False,True,False,False,False,3,-0.0,apple,7,False,0,False,False,99,1,1,'+1 page unreachable (unverifiable),1
https://www.milleformless.com/,False,30,2,0,False,True,False,False,False,3,-0.0,salesforce,8,False,0,False,False,131,1,1,'+1 page unreachable (unverifiable),1
https://rmmrnacsupiples.cfd/,False,28,1,0,False,True,False,False,False,15,3.37,apple,10,False,0,False,False,45,1,3,'+1 page unreachable (unverifiable); +2 gibberish subdomain,1
https://medialek.cyou/verify/5a32340e-2df4-4a64-aa3a-9769914f0e21,False,65,1,4,False,True,False,False,True,8,2.75,fedex,5,False,0,False,False,18,1,6,'+1 page unreachable (unverifiable); +2 suspicious keyword in URL; +3 domain under 30 days old,1
https://termoplastwebcamar.us/verify/46d128a8-aacd-4013-9715-802e507f85cd,False,73,1,4,False,True,False,False,True,18,3.46,trustwallet,13,False,0,False,False,42,1,5,'+1 page unreachable (unverifiable); +2 suspicious keyword in URL; +2 gibberish subdomain,1
https://www.plencos.com/,False,24,2,0,False,True,False,False,False,3,-0.0,phantom,4,False,0,False,False,150,1,1,'+1 page unreachable (unverifiable),1
https://indoranma.com/verify/227707cd-0ed6-423e-9922-a5065ae54127,False,65,1,4,False,True,False,False,True,9,2.73,instagram,6,False,0,False,False,11,1,6,'+1 page unreachable (unverifiable); +2 suspicious keyword in URL; +3 domain under 30 days old,1
http://www.globalrnatrixsurvey.com/,True,35,2,0,False,False,False,False,False,3,-0.0,cloudflare,14,False,0,False,False,63,1,1,'+1 no HTTPS,1
https://accurateonlinelogin.top/verify/ff3a704a-0fa5-4cb6-901a-db32be30ba24,False,75,1,4,False,True,False,False,True,19,3.37,linkedin,14,False,0,False,False,52,1,5,'+1 page unreachable (unverifiable); +2 suspicious keyword in URL; +2 gibberish subdomain,1
https://berkshire-hathavvay.club/verify/b0a779ed-117a-45fc-8520-780c3b710b17,False,76,1,5,False,True,False,False,True,19,3.43,instagram,15,False,0,False,False,28,1,8,'+1 page unreachable (unverifiable); +2 suspicious keyword in URL; +2 gibberish subdomain; +3 domain under 30 days old,1
https://accurateonlinelogin.top/verify/26d1c20d-2224-4e8b-b5e8-9288ab51046f,False,75,1,4,False,True,False,False,True,19,3.37,linkedin,14,False,0,False,False,52,1,5,'+1 page unreachable (unverifiable); +2 suspicious keyword in URL; +2 gibberish subdomain,1
http://www.frontierintegritys.com/,True,34,2,0,False,False,False,False,False,3,-0.0,pinterest,12,False,0,False,False,28,1,4,'+1 no HTTPS; +3 domain under 30 days old,1
http://www.airllquide.live/,True,27,2,0,False,False,False,False,False,3,-0.0,apple,7,False,0,False,False,,0,1,'+1 no HTTPS,1
http://www.gilbertprojectfiles.online/verify/2d47aa40-fd47-4f45-90d8-ae7d59958558/,False,82,2,4,False,False,False,False,True,3,-0.0,wordpress,14,False,0,False,False,8,1,7,'+1 no HTTPS; +1 page unreachable (unverifiable); +2 suspicious keyword in URL; +3 domain under 30 days old,1
http://www.kersonba.xyz/verify/951c3abc-3a04-42a5-afb0-dc0f59e6320e/,True,68,2,4,False,False,False,False,True,3,-0.0,airbnb,5,False,0,False,False,52,1,3,'+1 no HTTPS; +2 suspicious keyword in URL,1
http://recommission308.indigoipoint.app/543nondenominational/,True,61,2,0,False,False,False,False,False,15,3.37,notion,8,False,0,False,False,,0,3,'+1 no HTTPS; +2 gibberish subdomain,1
http://www.preemtiveshares.cfd/,True,31,2,0,False,False,False,False,False,3,-0.0,pinterest,10,False,0,False,False,54,1,1,'+1 no HTTPS,1
https://www.1profitdeal.com/,False,28,2,0,False,True,False,False,False,3,-0.0,paypal,8,False,0,False,False,248,1,1,'+1 page unreachable (unverifiable),1
http://www.habitatillionis.xyz/,True,31,2,0,False,False,False,False,False,3,-0.0,amazon,11,False,0,False,False,18,1,4,'+1 no HTTPS; +3 domain under 30 days old,1
http://www.abrdokersignc.cfd/,True,29,2,0,False,False,False,False,False,3,-0.0,linkedin,9,False,0,False,False,52,1,1,'+1 no HTTPS,1
http://www.ipgrussia.run/,True,25,2,0,False,False,False,False,False,3,-0.0,atlassian,6,False,0,False,False,,0,1,'+1 no HTTPS,1
https://cmo-exchange.com/,False,25,1,1,False,True,False,False,False,12,3.25,chase,8,False,0,False,False,3400,1,3,'+1 page unreachable (unverifiable); +2 gibberish subdomain,1
https://www.iwajs.com/,False,22,2,0,False,True,False,False,False,3,-0.0,chase,4,False,0,False,False,296,1,1,'+1 page unreachable (unverifiable),1
https://www.5ginvestmentnews.com/,False,33,2,0,False,True,False,False,False,3,-0.0,pinterest,11,False,0,False,False,2420,1,1,'+1 page unreachable (unverifiable),1
http://www.deepweb.network/,True,27,2,0,False,False,False,False,False,3,-0.0,apple,5,False,0,False,False,1392,1,1,'+1 no HTTPS,1
https://www.mmamuiskius.godaddysites.com/,False,41,3,0,False,True,False,True,False,11,2.48,usps,8,False,0,False,False,4683,1,3,'+1 page unreachable (unverifiable); +2 free hosting,1
https://eng-2-weld.vercel.app/,False,30,2,2,False,True,False,True,False,10,2.92,google,8,False,0,False,False,2422,1,3,'+1 page unreachable (unverifiable); +2 free hosting,1
https://setting-bluetick-ai.vercel.app/privacy-centers.html,False,59,3,3,False,True,False,True,False,19,3.54,bankofamerica,14,False,0,False,False,2422,1,5,'+1 page unreachable (unverifiable); +2 free hosting; +2 gibberish subdomain,1
https://verificarmicuenta-login365s1.iceiy.com/,False,47,2,1,False,True,False,False,True,28,4.16,ebay,4,False,0,False,False,2108,1,5,'+1 page unreachable (unverifiable); +2 suspicious keyword in URL; +2 gibberish subdomain,1
http://officialseller.vip/,True,26,1,0,False,False,False,False,False,14,3.04,chase,10,False,0,False,False,14,1,6,'+1 no HTTPS; +2 gibberish subdomain; +3 domain under 30 days old,1
https://f005.backblazeb2.com/file/emmaniky00/highlife.html,False,58,3,0,False,True,False,False,False,4,1.5,apple,8,False,0,False,False,3715,1,1,'+1 page unreachable (unverifiable),1
http://44444321.sbs/,True,20,1,0,False,False,False,False,False,8,1.55,google,8,False,0,False,False,1,1,4,'+1 no HTTPS; +3 domain under 30 days old,1
https://fb-meta-verified-87632.vercel.app/privacy-centers.html,False,62,3,4,False,True,False,True,False,22,3.85,meta,0,True,0,False,False,,0,9,'+1 page unreachable (unverifiable); +4 brand name 'meta' found in the subdomain (free hosting); +2 free hosting; +2 gibberish subdomain,1
https://www.roblox.com.mu/users/9709364840/profile,False,50,3,0,False,True,False,False,False,3,-0.0,roblox,0,True,0,False,False,100,1,5,'+1 page unreachable (unverifiable); +4 exact brand name 'roblox' on wrong TLD,1
https://vazhakapori.github.io/Ledger-app/,False,41,2,1,False,True,False,True,False,11,3.03,amazon,8,False,0,False,False,4938,1,5,'+1 page unreachable (unverifiable); +2 free hosting; +2 gibberish subdomain,1
https://oli841.github.io/Finan-n-kopilot/,False,41,2,2,False,True,False,True,False,6,2.58,mozilla,5,False,0,False,False,4938,1,3,'+1 page unreachable (unverifiable); +2 free hosting,1
http://nicole-martin.accessadmin.co.za/,False,39,3,1,False,False,False,False,False,13,3.39,atlassian,7,False,0,False,False,6416,1,4,'+1 no HTTPS; +1 page unreachable (unverifiable); +2 gibberish subdomain,1
https://chckdataq.info/,False,23,1,0,False,True,False,False,False,9,2.73,chase,6,False,0,False,False,,0,1,'+1 page unreachable (unverifiable),1
http://comunidad--comunidadunitec.replit.app/,True,45,2,2,False,False,False,True,False,26,3.35,coinbase,20,False,1,False,False,,0,5,'+1 no HTTPS; +2 free hosting; +2 gibberish subdomain,1
http://1w4.chckdataq.info/,True,26,2,0,False,False,False,False,False,3,1.58,chase,6,False,0,False,False,,0,1,'+1 no HTTPS,1
http://www.taylor-studweldings.com/,True,35,2,1,False,False,False,False,False,3,-0.0,trustwallet,13,False,0,False,False,204,1,1,'+1 no HTTPS,1
http://www.tmbwqter.com/,True,24,2,0,False,False,False,False,False,3,-0.0,twitter,4,False,0,False,False,70,1,1,'+1 no HTTPS,1
https://9p1uo6.chckdataq.info/,False,30,2,0,False,True,False,False,False,6,2.58,chase,6,False,0,False,False,,0,1,'+1 page unreachable (unverifiable),1
http://y7nz6.about-tenant-id73486431.help/tr74koy/,True,50,2,2,False,False,False,False,False,5,2.32,binance,19,False,0,False,False,14,1,4,'+1 no HTTPS; +3 domain under 30 days old,1
http://ofg6l.list-zllw.com/8100-cambridge-st-houston-tx-77054-smh3xx/46/,True,72,2,7,False,False,False,False,False,5,2.32,trello,6,False,0,False,False,16,1,4,'+1 no HTTPS; +3 domain under 30 days old,1
http://www.bzrexv.zllwhelpad.com/,True,33,3,0,False,False,False,False,False,3,-0.0,paypal,8,False,0,False,False,16,1,4,'+1 no HTTPS; +3 domain under 30 days old,1
http://rj4wyt.chckdataq.info/,True,29,2,0,False,False,False,False,False,6,2.58,chase,6,False,0,False,False,11,1,4,'+1 no HTTPS; +3 domain under 30 days old,1
https://zillow-ad.sbs/san-diego-ca-92126-1m4uz1y/pad,False,52,1,5,False,True,False,False,False,9,2.95,mozilla,6,False,0,False,False,36,1,1,'+1 page unreachable (unverifiable),1
https://v54x.chckdataq.info/,False,28,2,0,False,True,False,False,False,4,2.0,chase,6,False,0,False,False,11,1,4,'+1 page unreachable (unverifiable); +3 domain under 30 days old,1
http://www.tenant-id8137952.sbs/,True,32,2,1,False,False,False,False,False,3,-0.0,phantom,13,False,0,False,False,11,1,4,'+1 no HTTPS; +3 domain under 30 days old,1
http://gmkn.chckdataq.info/,True,27,2,0,False,False,False,False,False,4,2.0,chase,6,False,0,False,False,11,1,4,'+1 no HTTPS; +3 domain under 30 days old,1
http://www.rj4wyt.chckdataq.info/,True,33,3,0,False,False,False,False,False,3,-0.0,chase,6,False,0,False,False,11,1,4,'+1 no HTTPS; +3 domain under 30 days old,1
http://www.zillow-ad.sbs/9306-lily-ave-fountain-valley-ca-92708-1m63w43/pad-for-sublet/,True,87,2,10,False,False,False,False,False,3,-0.0,mozilla,6,False,0,False,False,36,1,1,'+1 no HTTPS,1
http://tenant-id8137952.sbs/,True,28,1,1,False,False,False,False,False,16,3.75,phantom,13,False,0,False,False,11,1,6,'+1 no HTTPS; +2 gibberish subdomain; +3 domain under 30 days old,1
http://www.zillow-ad.sbs/,True,25,2,1,False,False,False,False,False,3,-0.0,mozilla,6,False,0,False,False,36,1,1,'+1 no HTTPS,1
http://www.9p1uo6.chckdataq.info/,True,33,3,0,False,False,False,False,False,3,-0.0,chase,6,False,0,False,False,11,1,4,'+1 no HTTPS; +3 domain under 30 days old,1
https://roaring-marzipan-8ace7d.netlify.app/,False,44,2,2,False,True,False,True,False,23,3.71,binance,17,False,0,False,False,,0,5,'+1 page unreachable (unverifiable); +2 free hosting; +2 gibberish subdomain,1
https://login.auth-session-login.com/?keyname=U2Rr2jf,False,53,2,2,False,True,False,False,True,5,2.32,atlassian,12,False,0,False,False,1574,1,3,'+1 page unreachable (unverifiable); +2 suspicious keyword in URL,1
https://www.roblox.com.bn/users/427876882424/profile,False,52,3,0,False,True,False,False,False,3,-0.0,roblox,0,True,0,False,False,679,1,5,'+1 page unreachable (unverifiable); +4 exact brand name 'roblox' on wrong TLD,1
https://temu-steam.vercel.app/,False,30,2,1,False,True,False,True,False,10,2.72,twitter,7,False,0,False,False,,0,3,'+1 page unreachable (unverifiable); +2 free hosting,1
http://qdt.zllwhelpad.com/,True,26,2,0,False,False,False,False,False,3,1.58,paypal,8,False,0,False,False,16,1,4,'+1 no HTTPS; +3 domain under 30 days old,1
http://wbiz.zllowdata.click/q90pm1m/,False,36,2,0,False,False,False,False,False,4,2.0,meta,7,False,0,False,False,12,1,5,'+1 no HTTPS; +1 page unreachable (unverifiable); +3 domain under 30 days old,1
https://conselhoconsultivominsaa-asd.pages.dev/,False,47,2,1,False,True,False,True,False,28,3.68,coinbase,22,False,0,False,False,,0,5,'+1 page unreachable (unverifiable); +2 free hosting; +2 gibberish subdomain,1
https://steam.tanisoft.net/?etext=2202.owpfVeIPSaayLcip1zY4wmFmanBsaXRxY2hhaGFwdWw.869580061caf0be9d0e50b668b4cc645d0db3b0d,False,123,4,0,False,True,False,False,False,5,2.32,microsoft,5,False,0,False,False,242,1,1,'+1 page unreachable (unverifiable),1
https://steamconnmunilty.com/code/2753896,False,41,1,0,False,True,False,False,False,16,3.45,stackoverflow,11,False,0,False,False,6,1,6,'+1 page unreachable (unverifiable); +2 gibberish subdomain; +3 domain under 30 days old,1
https://teams-tl.com/p/fjbd-cbch/xqkdvdzt,False,41,1,2,False,True,False,False,False,8,2.75,target,5,False,0,False,False,60,1,1,'+1 page unreachable (unverifiable),1
https://steam.tanisoft.net/?etext=2202.6gJ7hQp2G01yJKWCM4QxJ-8qXI8g-Fzhr2nRuObB6TpoemFpaW52Y2Fhc3FldHRq.031de83d8d9877a47d225e3e4293faf4f7ccf745,False,144,4,2,False,True,False,False,False,5,2.32,microsoft,5,False,0,False,False,242,1,1,'+1 page unreachable (unverifiable),1
https://steam.tanisoft.net/?etext=2202.Ac8IRlUuuaY8r0UBOBufA1RuAYj3xmwR3JHxG2OJL8xmaHVrdnN0cXhpbXBxZmxi.be2c770832b65d1ceafecd05004c44f7b79605cc,False,144,4,0,False,True,False,False,False,5,2.32,microsoft,5,False,0,False,False,242,1,1,'+1 page unreachable (unverifiable),1
https://steamcounmunlity.com/autumn/8135762135,False,46,1,0,False,True,False,False,False,16,3.5,stackoverflow,11,False,0,False,False,168,1,3,'+1 page unreachable (unverifiable); +2 gibberish subdomain,1
https://turko-athar.pages.dev/,False,30,2,1,False,True,False,True,False,11,2.91,twitter,8,False,0,False,False,2204,1,3,'+1 page unreachable (unverifiable); +2 free hosting,1
https://steam-coop-finder.pages.dev/,False,36,2,2,False,True,False,True,False,17,3.73,stackoverflow,12,False,0,False,False,2204,1,5,'+1 page unreachable (unverifiable); +2 free hosting; +2 gibberish subdomain,1
https://steamcomunnity.shop/profiles/7656119883496415822,False,56,1,0,False,True,False,False,False,14,3.38,spotify,10,False,0,False,False,144,1,3,'+1 page unreachable (unverifiable); +2 gibberish subdomain,1
https://www.roblox.com.mu/users/6516761902/profile,False,50,3,0,False,True,False,False,False,3,-0.0,roblox,0,True,0,False,False,100,1,5,'+1 page unreachable (unverifiable); +4 exact brand name 'roblox' on wrong TLD,1
http://www.gencatportalverif.vercel.app/,True,40,3,0,False,False,False,True,False,17,3.62,bankofamerica,12,False,0,False,False,2422,1,5,'+1 no HTTPS; +2 free hosting; +2 gibberish subdomain,1
https://www.roblox.com.hr/communities/9698411058/Mystic-Studio,False,62,3,1,False,True,False,False,False,3,-0.0,roblox,0,True,0,False,False,24,1,8,'+1 page unreachable (unverifiable); +4 exact brand name 'roblox' on wrong TLD; +3 domain under 30 days old,1
http://www.gencatwrknew-cat.vercel.app/,True,39,3,1,False,False,False,True,False,16,3.25,pinterest,11,False,0,False,False,,0,5,'+1 no HTTPS; +2 free hosting; +2 gibberish subdomain,1
https://www.gencat-portal-officedsk.vercel.app/,False,47,3,2,False,True,False,True,False,23,3.91,digitalocean,17,False,0,False,False,,0,5,'+1 page unreachable (unverifiable); +2 free hosting; +2 gibberish subdomain,1
https://steam.tanisoft.net/?etext=2202.GPMxT1pkHwGls1eUemlHpnRva3dpYnlqeHBybmV1b2w.e85436ee8f169db35f974416ead0daaba2709683,False,123,4,0,False,True,False,False,False,5,2.32,microsoft,5,False,0,False,False,242,1,1,'+1 page unreachable (unverifiable),1
https://siddharthgaikwad-git.github.io/Netflix-Inspired-Streaming-Platform/,False,75,2,4,False,True,False,True,False,20,3.31,instagram,16,False,0,False,False,4938,1,5,'+1 page unreachable (unverifiable); +2 free hosting; +2 gibberish subdomain,1
http://www.gencatportalupdttch.vercel.app/,True,42,3,0,False,False,False,True,False,19,3.51,paypal,15,False,0,False,False,,0,5,'+1 no HTTPS; +2 free hosting; +2 gibberish subdomain,1
https://gencat-portal-officedsk.vercel.app/,False,43,2,2,False,True,False,True,False,23,3.91,digitalocean,17,False,0,False,False,,0,5,'+1 page unreachable (unverifiable); +2 free hosting; +2 gibberish subdomain,1
https://genccatt.vercel.app/,False,28,2,0,False,True,False,True,False,8,2.5,chase,6,False,0,False,False,,0,3,'+1 page unreachable (unverifiable); +2 free hosting,1
https://gencatportaltdc.vercel.app/,False,35,2,0,False,True,False,True,False,15,3.32,paypal,11,False,0,False,False,,0,5,'+1 page unreachable (unverifiable); +2 free hosting; +2 gibberish subdomain,1
https://gennicat-cat.vercel.app/,False,32,2,1,False,True,False,True,False,12,2.92,microsoft,9,False,0,False,False,,0,3,'+1 page unreachable (unverifiable); +2 free hosting,1
https://gencatportalupdttch.vercel.app/,False,39,2,0,False,True,False,True,False,19,3.51,paypal,15,False,0,False,False,,0,5,'+1 page unreachable (unverifiable); +2 free hosting; +2 gibberish subdomain,1
https://gencatwrknew-cat.vercel.app/,False,36,2,1,False,True,False,True,False,16,3.25,pinterest,11,False,0,False,False,,0,5,'+1 page unreachable (unverifiable); +2 free hosting; +2 gibberish subdomain,1
https://gencatportalverif.vercel.app/,False,37,2,0,False,True,False,True,False,17,3.62,bankofamerica,12,False,0,False,False,,0,5,'+1 page unreachable (unverifiable); +2 free hosting; +2 gibberish subdomain,1
https://blokifi_loginnn.godaddysites.com/,False,41,2,0,False,True,False,True,True,15,3.01,linkedin,11,False,0,False,False,4683,1,7,'+1 page unreachable (unverifiable); +2 suspicious keyword in URL; +2 free hosting; +2 gibberish subdomain,1
http://www.blokifi_loginnn.godaddysites.com/,False,44,3,0,False,False,False,True,True,15,3.01,linkedin,11,False,0,False,False,4683,1,8,'+1 no HTTPS; +1 page unreachable (unverifiable); +2 suspicious keyword in URL; +2 free hosting; +2 gibberish subdomain,1
https://open-instagram.vercel.app/,False,34,2,1,False,True,False,True,False,14,3.52,instagram,0,True,0,False,False,,0,9,'+1 page unreachable (unverifiable); +4 brand name 'instagram' found in the subdomain (free hosting); +2 free hosting; +2 gibberish subdomain,1
https://bhdacess02026.yzz.me/,False,29,2,0,False,True,False,False,False,13,3.24,dhl,3,False,0,False,False,1499,1,3,'+1 page unreachable (unverifiable); +2 gibberish subdomain,1
https://s3.us-east-1.amazonaws.com/whitinganddavis.com/whitinganddaviss/download.html,True,85,5,2,False,True,False,False,False,2,1.0,amazon,3,False,0,False,False,7698,1,0,,1
https://s.teams-lo.com/p/fjbd-cbcr/juoklabx,False,43,2,2,False,True,False,False,False,1,-0.0,trello,5,False,0,False,False,38,1,1,'+1 page unreachable (unverifiable),1
https://kihtjne.eu.cc/,False,22,2,0,False,True,False,False,False,7,2.81,ebay,3,False,0,False,False,10564,1,1,'+1 page unreachable (unverifiable),1
https://kjhtise.eu.cc/,False,22,2,0,False,True,False,False,False,7,2.81,ebay,3,False,0,False,False,10564,1,1,'+1 page unreachable (unverifiable),1
https://jketetys.eu.cc/,False,23,2,0,False,True,False,False,False,8,2.5,ebay,3,False,0,False,False,10564,1,1,'+1 page unreachable (unverifiable),1
https://yskers.eu.cc/,False,21,2,0,False,True,False,False,False,6,2.25,ebay,3,False,0,False,False,10564,1,1,'+1 page unreachable (unverifiable),1
https://www.google.com,True,22,2,0,False,True,False,False,False,3,-0.0,google,0,False,1,False,False,10592,1,0,,0
https://www.microsoft.com,True,25,2,0,False,True,False,False,False,3,-0.0,microsoft,0,False,1,False,False,12920,1,0,,0
https://www.python.org,True,22,2,0,False,True,False,False,False,3,-0.0,python,0,False,1,False,False,11495,1,0,,0
https://www.github.com,True,22,2,0,False,True,False,False,False,3,-0.0,github,0,False,2,False,False,6915,1,0,,0
https://www.wikipedia.org,True,25,2,0,False,True,False,False,False,3,-0.0,wikipedia,0,False,1,False,False,9376,1,0,,0
https://www.apple.com,True,21,2,0,False,True,False,False,False,3,-0.0,apple,0,False,1,False,False,14453,1,0,,0
https://www.amazon.com,True,22,2,0,False,True,False,False,False,3,-0.0,amazon,0,False,0,False,False,11641,1,0,,0
https://www.paypal.com,True,22,2,0,False,True,False,False,False,3,-0.0,paypal,0,False,0,False,False,9924,1,0,,0
https://www.reddit.com,False,22,2,0,False,True,False,False,False,3,-0.0,reddit,0,False,0,False,False,7808,1,1,'+1 page unreachable (unverifiable),0
https://www.linkedin.com,True,24,2,0,False,True,False,False,False,3,-0.0,linkedin,0,False,2,False,False,8717,1,0,,0
https://www.spotify.com,True,23,2,0,False,True,False,False,False,3,-0.0,spotify,0,False,0,False,False,7450,1,0,,0
https://www.netflix.com,True,23,2,0,False,True,False,False,False,3,-0.0,netflix,0,False,0,False,False,10535,1,0,,0
https://www.nytimes.com,True,23,2,0,False,True,False,False,False,3,-0.0,nytimes,0,False,1,False,False,11928,1,0,,0
https://www.dropbox.com,True,23,2,0,False,True,False,False,False,3,-0.0,dropbox,0,False,0,False,False,11402,1,0,,0
https://www.bbc.com,True,19,2,0,False,True,False,False,False,3,-0.0,bbc,0,False,0,False,False,13576,1,0,,0
https://www.cloudflare.com,True,26,2,0,False,True,False,False,False,3,-0.0,cloudflare,0,False,0,False,False,6418,1,0,,0
https://www.mozilla.org,True,23,2,0,False,True,False,False,False,3,-0.0,mozilla,0,False,0,False,False,10461,1,0,,0
https://www.oracle.com,False,22,2,0,False,True,False,False,False,3,-0.0,oracle,0,False,0,False,False,13801,1,1,'+1 page unreachable (unverifiable),0
https://www.salesforce.com,True,26,2,0,False,True,False,False,False,3,-0.0,salesforce,0,False,0,False,False,10149,1,0,,0
https://www.zoom.us,True,19,2,0,False,True,False,False,False,3,-0.0,zoom,0,False,0,False,False,8909,1,0,,0
https://www.slack.com,True,21,2,0,False,True,False,False,False,3,-0.0,slack,0,False,0,False,False,12382,1,0,,0
https://www.adobe.com,False,21,2,0,False,True,False,False,False,3,-0.0,adobe,0,False,0,False,False,14547,1,1,'+1 page unreachable (unverifiable),0
https://www.ebay.com,False,20,2,0,False,True,False,False,False,3,-0.0,ebay,0,False,0,False,False,11365,1,1,'+1 page unreachable (unverifiable),0
https://www.shopify.com,True,23,2,0,False,True,False,False,False,3,-0.0,shopify,0,False,0,False,False,7858,1,0,,0
https://www.twitch.tv,True,21,2,0,False,True,False,False,False,3,-0.0,twitch,0,False,0,False,False,6307,1,0,,0
https://www.uber.com,False,20,2,0,False,True,False,False,False,3,-0.0,uber,0,False,0,False,False,11386,1,1,'+1 page unreachable (unverifiable),0
https://www.airbnb.com,True,22,2,0,False,True,False,False,False,3,-0.0,airbnb,0,False,1,False,True,6615,1,1,'+1 form posts to another host,0
https://www.chase.com,True,21,2,0,False,True,False,False,False,3,-0.0,chase,0,False,1,True,False,11297,1,0,,0
https://www.target.com,True,22,2,0,False,True,False,False,False,3,-0.0,target,0,False,3,False,False,10848,1,0,,0
https://www.wellsfargo.com,True,26,2,0,False,True,False,False,False,3,-0.0,wellsfargo,0,False,4,True,True,12193,1,4,'+4 password field + external form (credential harvesting pattern),0
https://www.stackoverflow.com,False,29,2,0,False,True,False,False,False,3,-0.0,stackoverflow,0,False,0,False,False,8298,1,1,'+1 page unreachable (unverifiable),0
https://www.instagram.com,True,25,2,0,False,True,False,False,False,3,-0.0,instagram,0,False,0,False,False,8137,1,0,,0
https://www.facebook.com,False,24,2,0,False,True,False,False,False,3,-0.0,facebook,0,False,0,False,False,10762,1,1,'+1 page unreachable (unverifiable),0
https://www.ibm.com,True,19,2,0,False,True,False,False,False,3,-0.0,ibm,0,False,1,False,False,14790,1,0,,0
https://www.pinterest.com,True,25,2,0,False,True,False,False,False,3,-0.0,pinterest,0,False,0,False,False,6136,1,0,,0
https://www.wordpress.com,True,25,2,0,False,True,False,False,False,3,-0.0,wordpress,0,False,1,False,True,9691,1,1,'+1 form posts to another host,0
https://www.bing.com,True,20,2,0,False,True,False,False,False,3,-0.0,bing,0,False,0,False,False,11187,1,0,,0
https://www.yahoo.com,True,21,2,0,False,True,False,False,False,3,-0.0,yahoo,0,False,1,False,False,11563,1,0,,0
https://www.digitalocean.com,True,28,2,0,False,True,False,False,False,3,-0.0,digitalocean,0,False,0,False,False,9652,1,0,,0
https://www.aws.amazon.com,True,26,3,0,False,True,False,False,False,3,-0.0,amazon,0,False,3,False,False,11641,1,0,,0
https://www.atlassian.com,True,25,2,0,False,True,False,False,False,3,-0.0,atlassian,0,False,0,False,False,9310,1,0,,0
https://www.notion.so,True,21,2,0,False,True,False,False,False,3,-0.0,notion,0,False,0,False,False,4186,1,0,,0
https://www.canva.com,True,21,2,0,False,True,False,False,False,3,-0.0,canva,0,False,0,False,False,9264,1,0,,0
https://www.walmart.com,True,23,2,0,False,True,False,False,False,3,-0.0,walmart,0,False,1,False,False,11527,1,0,,0
https://www.figma.com,True,21,2,0,False,True,False,False,False,3,-0.0,figma,0,False,0,False,False,10020,1,0,,0
https://www.trello.com,True,22,2,0,False,True,False,False,False,3,-0.0,trello,0,False,3,False,True,8060,1,1,'+1 form posts to another host,0
https://www.asana.com,True,21,2,0,False,True,False,False,False,3,-0.0,asana,0,False,1,False,False,6445,1,0,,0
https://www.bankofamerica.com,True,29,2,0,False,True,False,False,False,3,-0.0,bankofamerica,0,False,4,False,False,10123,1,0,,0
https://www.twitter.com,True,23,2,0,False,True,False,False,False,3,-0.0,twitter,0,False,1,False,False,9733,1,0,,0
